"Track URI","Track Name","Artist URI(s)","Artist Name(s)","Album URI","Album Name","Album Artist URI(s)","Album Artist Name(s)","Album Release Date","Album Image URL","Disc Number","Track Number","Track Duration (ms)","Track Preview URL","Explicit","Popularity","Added By","Added At"
"spotify:track:06AMpcajziFnEKniV25fiU","Star Sky","spotify:artist:2qvP9yerCZCS0U1gZU8wYp, spotify:artist:6BF0bXbsdujMSMeFZBGcBq","Two Steps from Hell, Thomas Bergersen","spotify:album:4y7T04fej3MJ8tAe2FeKD5","Battlecry","spotify:artist:2qvP9yerCZCS0U1gZU8wYp","Two Steps from Hell","2015-04-28","https://i.scdn.co/image/ab67616d0000b273149cf6977defe909fd7d34fd","1","24","330579","https://p.scdn.co/mp3-preview/c52e9142b03645def95b97c9504eedfc96b89459?cid=9950ac751e34487dbbe027c4fd7f8e99","false","58","spotify:user:rachelchaetx","2022-11-30T15:02:30Z"
"spotify:track:44MZtR8YmIiQjhsZdqg7Vy","Winter Solstice","spotify:artist:58TMKXhoVguPbAO8pnJ8wh","Frostudio Chambersonic","spotify:album:2yYOyNRr9y2W0PxnLxsmgq","Queentessence","spotify:artist:58TMKXhoVguPbAO8pnJ8wh","Frostudio Chambersonic","2021-11-22","https://i.scdn.co/image/ab67616d0000b273d4acfddefde1d41f44253b08","1","8","187017","https://p.scdn.co/mp3-preview/982f49c4319d400db274a02fe3bc8b0e95989f8f?cid=9950ac751e34487dbbe027c4fd7f8e99","false","11","spotify:user:rachelchaetx","2022-11-30T15:02:42Z"
"spotify:track:16frIpnyUb9poRwQxQTmaC","Come With Me","spotify:artist:4ETSs924pXMzjIeD6E9b4u, spotify:artist:3QJUFtGBGL05vo0kCJZsmT","Surfaces, salem ilese","spotify:album:5PrhnVNOKoJC2aLLfabxuB","Pacifico","spotify:artist:4ETSs924pXMzjIeD6E9b4u","Surfaces","2021-06-25","https://i.scdn.co/image/ab67616d0000b27300d5a8ba3fc0f5850b00acdc","1","10","209732","https://p.scdn.co/mp3-preview/1586c864e889737c44a3982dd3059b8628b555b8?cid=9950ac751e34487dbbe027c4fd7f8e99","false","70","spotify:user:rachelchaetx","2022-11-30T15:02:58Z"
"spotify:track:3Hvg5tRKsQlX25wYwgMF9p","Flowers in Your Hair","spotify:artist:16oZKvXb6WkQlVAjwo2Wbg","The Lumineers","spotify:album:6NWYmlHxAME5KXtxrTlUxW","The Lumineers","spotify:artist:16oZKvXb6WkQlVAjwo2Wbg","The Lumineers","2012-04-03","https://i.scdn.co/image/ab67616d0000b2734241433fb84b10663492c0e3","1","1","109735","https://p.scdn.co/mp3-preview/41b6da5699c8923e1b24e9f5b92f9d70a9116433?cid=9950ac751e34487dbbe027c4fd7f8e99","false","69","spotify:user:rachelchaetx","2022-11-30T15:03:07Z"
"spotify:track:5jQI2r1RdgtuT8S3iG8zFC","Lavender Haze","spotify:artist:06HL4z0CvFAxyc27GXpf02","Taylor Swift","spotify:album:151w1FgRZfnKZA9FEcg9Z3","Midnights","spotify:artist:06HL4z0CvFAxyc27GXpf02","Taylor Swift","2022-10-21","https://i.scdn.co/image/ab67616d0000b273bb54dde68cd23e2a268ae0f5","1","1","202395","https://p.scdn.co/mp3-preview/9ccfa0ab1f504b1ac2c77af3f69a723527968440?cid=9950ac751e34487dbbe027c4fd7f8e99","true","91","spotify:user:rachelchaetx","2022-11-30T15:03:18Z"
"spotify:track:3bIxTsfeNMO7Nt2J3EUKrA","22","spotify:artist:06HL4z0CvFAxyc27GXpf02","Taylor Swift","spotify:album:1KlU96Hw9nlvqpBPlSqcTV","Red (Deluxe Edition)","spotify:artist:06HL4z0CvFAxyc27GXpf02","Taylor Swift","2012-10-22","https://i.scdn.co/image/ab67616d0000b273a7613d346501b828b56a0bc3","1","6","230133","https://p.scdn.co/mp3-preview/3f261be9a76c09f313819d2dbe868315450c0e52?cid=9950ac751e34487dbbe027c4fd7f8e99","false","57","spotify:user:rachelchaetx","2022-11-30T15:03:27Z"
"spotify:track:6ufcuVInt0ocHrUimDjGlb","PLASTIC OFF THE SOFA","spotify:artist:6vWDO969PvNqNYHIOW5v0m","Beyoncé","spotify:album:6FJxoadUE4JNVwWHghBwnb","RENAISSANCE","spotify:artist:6vWDO969PvNqNYHIOW5v0m","Beyoncé","2022-07-29","https://i.scdn.co/image/ab67616d0000b2730e58a0f8308c1ad403d105e7","1","8","254319","https://p.scdn.co/mp3-preview/4c2bf398d0a63d624acf6e9b0c7cbc23ae016b98?cid=9950ac751e34487dbbe027c4fd7f8e99","false","73","spotify:user:rachelchaetx","2022-11-30T15:03:46Z"
"spotify:track:4UKG8PwjXeLFbKVzCeU7nD","With You","spotify:artist:2Q1d40J0u4IWGg4oZNPBZ7","Jonathan Ogden","spotify:album:0aT8MMYx6r4tN1W0ipTgOs","Spring","spotify:artist:2Q1d40J0u4IWGg4oZNPBZ7","Jonathan Ogden","2017-05-05","https://i.scdn.co/image/ab67616d0000b27364ca59a5752480c4f5ca3458","1","1","250000","https://p.scdn.co/mp3-preview/6aafbeb82beebeeb9418bfbef9fed09bb0e5f10d?cid=9950ac751e34487dbbe027c4fd7f8e99","false","43","spotify:user:rachelchaetx","2022-11-30T15:03:55Z"
"spotify:track:2ovVwEXwcRYuIfnfJedGnQ","Bad Omens","spotify:artist:5Rl15oVamLq7FbSb0NNBNy","5 Seconds of Summer","spotify:album:26uA5pGrTovBLxikRsMQJ4","5SOS5","spotify:artist:5Rl15oVamLq7FbSb0NNBNy","5 Seconds of Summer","2022-09-23","https://i.scdn.co/image/ab67616d0000b2739aa2026273c9d8cbbac26379","1","3","215734","https://p.scdn.co/mp3-preview/36c95b3305b61ca209f7991466b45fe6a0298918?cid=9950ac751e34487dbbe027c4fd7f8e99","false","72","spotify:user:rachelchaetx","2022-11-30T15:04:47Z"
"spotify:track:5jx8tCxiO0uIbo2uNia23K","The One That Got Away - Acoustic","spotify:artist:6jJ0s89eD6GaHleKKya26X","Katy Perry","spotify:album:5BvgP623rtvlc0HDcpzquz","Teenage Dream: The Complete Confection","spotify:artist:6jJ0s89eD6GaHleKKya26X","Katy Perry","2012-03-12","https://i.scdn.co/image/ab67616d0000b273937af329667311f4b2831616","1","13","259040","https://p.scdn.co/mp3-preview/63aef7c84e039c56181793f7afe13baef349c246?cid=9950ac751e34487dbbe027c4fd7f8e99","false","67","spotify:user:rachelchaetx","2022-11-30T15:05:02Z"
"spotify:track:3S7HNKPakdwNEBFIVTL6dZ","Treacherous (Taylor's Version)","spotify:artist:06HL4z0CvFAxyc27GXpf02","Taylor Swift","spotify:album:6kZ42qRrzov54LcAk4onW9","Red (Taylor's Version)","spotify:artist:06HL4z0CvFAxyc27GXpf02","Taylor Swift","2021-11-12","https://i.scdn.co/image/ab67616d0000b273318443aab3531a0558e79a4d","1","3","242720","https://p.scdn.co/mp3-preview/6752b5cd003d27171f45f48b15d6983cef937d33?cid=9950ac751e34487dbbe027c4fd7f8e99","false","69","spotify:user:rachelchaetx","2022-11-30T15:05:15Z"
"spotify:track:1BncfTJAWxrsxyT9culBrj","Experience","spotify:artist:2uFUBdaVGtyMqckSeCl0Qj, spotify:artist:59r5UU2HOytn9V5uMZ5Vur, spotify:artist:1k1AM2ESRQseVAj6rvBdtx","Ludovico Einaudi, Daniel Hope, I Virtuosi Italiani","spotify:album:3uJ6D2WOPdjwJ0SrsH9EiG","In A Time Lapse","spotify:artist:2uFUBdaVGtyMqckSeCl0Qj","Ludovico Einaudi","2013-01-01","https://i.scdn.co/image/ab67616d0000b2736c8ef0538e04f2e28380dcc5","1","12","315426","https://p.scdn.co/mp3-preview/027834b602fc1115f07c050c249f04ebcea9c09f?cid=9950ac751e34487dbbe027c4fd7f8e99","false","78","spotify:user:rachelchaetx","2022-11-30T15:05:22Z"
"spotify:track:6sfHKJONnRKTyvS9jq1LRH","Party Life","spotify:artist:360IAlyVv4PCEVjgyMZrxK","Miguel","spotify:album:24dQJx8ZE0jgvFPberEWjv","Art Dealer Chic 3","spotify:artist:360IAlyVv4PCEVjgyMZrxK","Miguel","2021-03-26","https://i.scdn.co/image/ab67616d0000b273b19bd1645af912704a495a2c","1","1","204000","https://p.scdn.co/mp3-preview/868f978db15a4c738ab2385c6516b6b081d5ee6b?cid=9950ac751e34487dbbe027c4fd7f8e99","false","28","spotify:user:rachelchaetx","2022-11-30T15:05:29Z"
"spotify:track:4j5zq53Fyu84lmY6UYO8yW","Dreams","spotify:artist:157L8iTHgbdrKVxdQEXluh","Lost Sky","spotify:album:5qQgoVCtIoessL2xXUO6DX","Dreams","spotify:artist:157L8iTHgbdrKVxdQEXluh","Lost Sky","2018-07-27","https://i.scdn.co/image/ab67616d0000b273af2ef434c7c9986f74aea1a3","1","1","215176","https://p.scdn.co/mp3-preview/294febbfe5d330cd3a04d95bb87ee38595e027ea?cid=9950ac751e34487dbbe027c4fd7f8e99","false","53","spotify:user:rachelchaetx","2022-11-30T15:05:38Z"
"spotify:track:5GpEHUNI0T7L7H3DnAaBXh","reckless driving","spotify:artist:1GmsPCcpKgF9OhlNXjOsbS, spotify:artist:6Lx82nbEVfeTfEa4yT01Jo","Lizzy McAlpine, Ben Kessler","spotify:album:68L5xVV9wydotfDXEik7eD","five seconds flat","spotify:artist:1GmsPCcpKgF9OhlNXjOsbS","Lizzy McAlpine","2022-04-08","https://i.scdn.co/image/ab67616d0000b273d370fdc4dbc47778b9b667c3","1","6","189247","https://p.scdn.co/mp3-preview/790b29b6e4e59282ef5582345c03d5a4c381adb1?cid=9950ac751e34487dbbe027c4fd7f8e99","false","61","spotify:user:rachelchaetx","2022-11-30T15:05:46Z"
"spotify:track:4Jt5UkcyYL261tokw058x0","England (The Medieval Era)","spotify:artist:1OFCjpSAsyIOWWzIAYb3OI","Geoff Knorr","spotify:album:6ERIx2c5kFBBFj6CEI7BWd","Sid Meier's Civilization VI (Original Game Soundtrack)","spotify:artist:0LyfQWJT6nXafLPZqxe9Of","Various Artists","2016-10-21","https://i.scdn.co/image/ab67616d0000b273802cb59258d4b155fe13799b","1","14","249152","https://p.scdn.co/mp3-preview/b2bb024a55e7952a8a0e36ec6cbe2f33b6ddf1bf?cid=9950ac751e34487dbbe027c4fd7f8e99","false","39","spotify:user:rachelchaetx","2022-11-30T15:06:16Z"
"spotify:track:0iWxrdjwEGOrTC9AszgAJk","Viendo el Techo","spotify:artist:2cPqdH7XMvwaBJEVjheH8g","Jay Wheeler","spotify:album:4ikugcbfJKooYlQACL2MUN","Viendo el Techo","spotify:artist:2cPqdH7XMvwaBJEVjheH8g","Jay Wheeler","2021-04-09","https://i.scdn.co/image/ab67616d0000b2733c7c8905b2e91c14280d87c6","1","1","188954","https://p.scdn.co/mp3-preview/f472e5a5d9182eaab54df2d3de87a5a395b77fc6?cid=9950ac751e34487dbbe027c4fd7f8e99","false","55","spotify:user:rachelchaetx","2022-11-30T15:06:29Z"
"spotify:track:2kkvB3RNRzwjFdGhaUA0tz","Layla","spotify:artist:2rc78XDH9zuJP6bm78lU8Z","Derek & The Dominos","spotify:album:5iIWnMgvSM8uEBwXKsPcXM","Layla And Other Assorted Love Songs (Remastered 2010)","spotify:artist:2rc78XDH9zuJP6bm78lU8Z","Derek & The Dominos","1970-11-01","https://i.scdn.co/image/ab67616d0000b273fbcaf7402f38faac27610efc","1","13","423840","https://p.scdn.co/mp3-preview/2ac19b13231acf3242c44f3c49cd2fbb6269169b?cid=9950ac751e34487dbbe027c4fd7f8e99","false","73","spotify:user:rachelchaetx","2022-11-30T15:06:39Z"
"spotify:track:5AnZGhVpAit04ocwEbzy04","T'Challa","spotify:artist:24eDfi2MSYo3A87hCcgpIL","Ludwig Goransson","spotify:album:2lPz7qiqG7TfvKr3S1Lv6p","Black Panther: Wakanda Forever (Original Score)","spotify:artist:24eDfi2MSYo3A87hCcgpIL","Ludwig Goransson","2022-11-11","https://i.scdn.co/image/ab67616d0000b2739fea69fa5744e3ae99d29374","1","26","85026","https://p.scdn.co/mp3-preview/50f7787ba03adef777807e3b6e0afd46effeb120?cid=9950ac751e34487dbbe027c4fd7f8e99","false","58","spotify:user:rachelchaetx","2022-11-30T15:06:55Z"
"spotify:track:67r7ZHxVxONN9ZQk05AQVL","Do you miss me?","spotify:artist:78rUTD7y6Cy67W1RVzYs7t","PinkPantheress","spotify:album:3Mp1zB42F2yqqOMEep7R3k","Do you miss me?","spotify:artist:78rUTD7y6Cy67W1RVzYs7t","PinkPantheress","2022-11-15","https://i.scdn.co/image/ab67616d0000b273f9c9812c775bdb0e9c70d5f1","1","1","128853","https://p.scdn.co/mp3-preview/5c006d287cc8af5a0f757c0b13039b037c06b68b?cid=9950ac751e34487dbbe027c4fd7f8e99","true","70","spotify:user:rachelchaetx","2022-11-30T15:07:18Z"
"spotify:track:2jRKOHOLv8b60sy6ypdUIk","Rain on Brick","spotify:artist:6jYO2wnv847jRUsA7dciSs","Bill Kiley","spotify:album:23KCp1w3aJeKdMrqcyodWK","Katana Zero (Original Soundtrack)","spotify:artist:0LyfQWJT6nXafLPZqxe9Of","Various Artists","2019-04-18","https://i.scdn.co/image/ab67616d0000b273d3c12724ab66f21170225d22","1","14","84240","https://p.scdn.co/mp3-preview/feadda836645a81ecfa60b8aac7f97785d4d7fba?cid=9950ac751e34487dbbe027c4fd7f8e99","false","51","spotify:user:rachelchaetx","2022-11-30T15:07:29Z"
"spotify:track:5IcCUx9Zl1VfdSlo5B4Dkt","CRUCIFY ME","spotify:artist:1Bl6wpkWCQ4KVgnASpvzzA","BROCKHAMPTON","spotify:album:0EICXG4UBIAUOKVlfBGipA","TM","spotify:artist:1Bl6wpkWCQ4KVgnASpvzzA","BROCKHAMPTON","2022-11-18","https://i.scdn.co/image/ab67616d0000b2731e816be3575d007cc77bac94","1","8","262013","https://p.scdn.co/mp3-preview/662c391c6d20422821413fcf0061ad922c6e858a?cid=9950ac751e34487dbbe027c4fd7f8e99","true","59","spotify:user:rachelchaetx","2022-11-30T15:07:39Z"
"spotify:track:5DiXRd8Ag670TymbrjbC5P","Possum Springs","spotify:artist:2msAsizgFUJio7s8sgme16","Alec Holowka","spotify:album:0f0tXQKGvvaYRsVZrzr4O8","Night in the Woods (Original Soundtrack, Vol. 1) [At the End of Everything]","spotify:artist:2msAsizgFUJio7s8sgme16","Alec Holowka","2017-02-21","https://i.scdn.co/image/ab67616d0000b273c1ae29bb5e7e53c17b4a4fd8","1","22","320192","https://p.scdn.co/mp3-preview/5206e275d6003516df5741d3be5d3e20f4cc23b6?cid=9950ac751e34487dbbe027c4fd7f8e99","false","32","spotify:user:rachelchaetx","2022-11-30T15:07:53Z"
"spotify:track:6u4alUtWbsXjZQy9IfHd0r","Mia and Sebastian's Theme","spotify:artist:0HSGaSAaBPZJq4lisoWA59","Kyle Landry","spotify:album:4D7Vgf1RBArExObedXmgMO","Mia and Sebastian's Theme","spotify:artist:0HSGaSAaBPZJq4lisoWA59","Kyle Landry","2017-03-23","https://i.scdn.co/image/ab67616d0000b2735972db9ff101cfbf460bee2b","1","1","246108","https://p.scdn.co/mp3-preview/eafe2f4a836d5078db4f8be2f7b0b744d7849bd5?cid=9950ac751e34487dbbe027c4fd7f8e99","false","48","spotify:user:rachelchaetx","2022-11-30T15:09:32Z"
"spotify:track:7m2yB31BZmG5Q5eP1sxdjO","Talk to You","spotify:artist:0ZUvK7zGdXLd78mQr3t1Tw","Ricky Montgomery","spotify:album:6suTADibkHRNH8K4Up3xec","It's 2016 Somewhere","spotify:artist:0ZUvK7zGdXLd78mQr3t1Tw","Ricky Montgomery","2022-04-15","https://i.scdn.co/image/ab67616d0000b2739cc1de6c4ff1f2226beb49e2","1","2","214724","https://p.scdn.co/mp3-preview/270a4016d358a07e115a96ae8ff598989511b76e?cid=9950ac751e34487dbbe027c4fd7f8e99","false","41","spotify:user:rachelchaetx","2022-11-30T15:09:40Z"
"spotify:track:4nnH8sda1dI3hxWw5MXIMS","Wallowa Lake Monster","spotify:artist:4MXUO7sVCaFgFjoTI5ox5c","Sufjan Stevens","spotify:album:4UfROvC2nwNTssfJmlcYw2","The Greatest Gift","spotify:artist:4MXUO7sVCaFgFjoTI5ox5c","Sufjan Stevens","2017-11-24","https://i.scdn.co/image/ab67616d0000b273d1a261d47b013292113441b2","1","1","412174","https://p.scdn.co/mp3-preview/04b09385f7fffb40875d83ccc7b2ace6a89f257d?cid=9950ac751e34487dbbe027c4fd7f8e99","false","42","spotify:user:rachelchaetx","2022-11-30T15:09:55Z"
"spotify:track:3vZGtceCbJVh5aDT4XhE0p","2AM","spotify:artist:7tYKF4w9nC0nq9CsPZTHyP","SZA","spotify:album:6FKP2O0oOvZlDkF0gyTjiJ","Ctrl (Deluxe)","spotify:artist:7tYKF4w9nC0nq9CsPZTHyP","SZA","2022-06-09","https://i.scdn.co/image/ab67616d0000b2731882add8fd275c04e322027d","1","16","242823","https://p.scdn.co/mp3-preview/55e75e51e7877901aaf9f0822860e9cdffb02d3b?cid=9950ac751e34487dbbe027c4fd7f8e99","true","71","spotify:user:rachelchaetx","2022-11-30T15:10:04Z"
"spotify:track:3rWDp9tBPQR9z6U5YyRSK4","Midnight Rain","spotify:artist:06HL4z0CvFAxyc27GXpf02","Taylor Swift","spotify:album:151w1FgRZfnKZA9FEcg9Z3","Midnights","spotify:artist:06HL4z0CvFAxyc27GXpf02","Taylor Swift","2022-10-21","https://i.scdn.co/image/ab67616d0000b273bb54dde68cd23e2a268ae0f5","1","6","174782","https://p.scdn.co/mp3-preview/df1caeeff164bcf376f418ce9c5aa5c71645cc79?cid=9950ac751e34487dbbe027c4fd7f8e99","false","91","spotify:user:rachelchaetx","2022-11-30T15:10:32Z"
"spotify:track:0sY6ZUTh4yoctD8VIXz339","champagne problems","spotify:artist:06HL4z0CvFAxyc27GXpf02","Taylor Swift","spotify:album:2Xoteh7uEpea4TohMxjtaq","evermore","spotify:artist:06HL4z0CvFAxyc27GXpf02","Taylor Swift","2020-12-11","https://i.scdn.co/image/ab67616d0000b27333b8541201f1ef38941024be","1","2","244000","https://p.scdn.co/mp3-preview/ff00449b64321baa4ba610252a4915d1d8b407ba?cid=9950ac751e34487dbbe027c4fd7f8e99","true","79","spotify:user:rachelchaetx","2022-11-30T15:10:40Z"
"spotify:track:0fCwTrRNfoNk962ati8n2K","All Your'n","spotify:artist:13ZEDW6vyBF12HYcZRr4EV","Tyler Childers","spotify:album:2T9P5dSm786uuxA5tkI1Xb","Country Squire","spotify:artist:13ZEDW6vyBF12HYcZRr4EV","Tyler Childers","2019-08-02","https://i.scdn.co/image/ab67616d0000b273d41fec800fa501c5bc623083","1","8","218280","https://p.scdn.co/mp3-preview/68100bbf791a2d80503e550152adfaf3a3470288?cid=9950ac751e34487dbbe027c4fd7f8e99","false","78","spotify:user:rachelchaetx","2022-11-30T15:11:04Z"
"spotify:track:1cXUBEPAYgiO5atA7lVxqp","I Believed It (8-Bit Dvsn, Mac Miller & Ty Dolla Sign Emulation)","spotify:artist:21VBNkZvKxrI9zmfFRxXvn","8-Bit Arcade","spotify:album:7madNyekbLiwHE65FWbOph","By Request, Vol. 141","spotify:artist:21VBNkZvKxrI9zmfFRxXvn","8-Bit Arcade","2021-07-28","https://i.scdn.co/image/ab67616d0000b273c86f237a73665bbde6857a1f","1","26","160194","https://p.scdn.co/mp3-preview/dd3999285ac48a66d6e3d56e6f4d2f3328b6ae2b?cid=9950ac751e34487dbbe027c4fd7f8e99","false","0","spotify:user:rachelchaetx","2022-11-30T15:12:00Z"
"spotify:track:7eqoqGkKwgOaWNNHx90uEZ","Nights","spotify:artist:2h93pZq0e7k5yf4dywlkpM","Frank Ocean","spotify:album:3mH6qwIy9crq0I9YQbOuDf","Blonde","spotify:artist:2h93pZq0e7k5yf4dywlkpM","Frank Ocean","2016-08-20","https://i.scdn.co/image/ab67616d0000b273c5649add07ed3720be9d5526","1","9","307151","https://p.scdn.co/mp3-preview/c714ddeded011a51a83255cae76419e7545ead49?cid=9950ac751e34487dbbe027c4fd7f8e99","true","79","spotify:user:rachelchaetx","2022-11-30T15:12:08Z"
"spotify:track:1K1nzhbKCNmrNXi9B07mPF","Forever In Blue Jeans","spotify:artist:7mEIug7XUlQHikrFxjTWes","Neil Diamond","spotify:album:4ufmoUiQbFCyWUM5OVtdsm","You Don't Bring Me Flowers","spotify:artist:7mEIug7XUlQHikrFxjTWes","Neil Diamond","1978-12-16","https://i.scdn.co/image/ab67616d0000b27334b9a6b282fb02bb2cc950f9","1","2","217533","https://p.scdn.co/mp3-preview/5ad7faf52f7f7c522e9a0e8e66ddc1b594fea67e?cid=9950ac751e34487dbbe027c4fd7f8e99","false","63","spotify:user:rachelchaetx","2022-11-30T15:12:16Z"
"spotify:track:45PSzxeTQD0X1OZEypGSgH","Oblivion","spotify:artist:0hAd6zwEgt9ILuMDY1prcI","Palaye Royale","spotify:album:4UChZRTVQgPn9AZSak3X4h","Fever Dream","spotify:artist:0hAd6zwEgt9ILuMDY1prcI","Palaye Royale","2022-10-28","https://i.scdn.co/image/ab67616d0000b273ba4846438180facd6b6935a8","1","11","316501","https://p.scdn.co/mp3-preview/270ecb81035bf0ad10536ae1556e724c30b22611?cid=9950ac751e34487dbbe027c4fd7f8e99","false","52","spotify:user:rachelchaetx","2022-11-30T15:12:23Z"
"spotify:track:1fvvGeseey7524OMwo7b2P","Transcendental Youth","spotify:artist:3hyGGjxu73JuzBa757H6R5","The Mountain Goats","spotify:album:1AOcKK0PoTQtuRZVhOgJlp","Transcendental Youth","spotify:artist:3hyGGjxu73JuzBa757H6R5","The Mountain Goats","2012-10-02","https://i.scdn.co/image/ab67616d0000b273c44912851256fbad80096bd3","1","12","250400","https://p.scdn.co/mp3-preview/7339d09fc37d2957bcf5e194835f50ce98471247?cid=9950ac751e34487dbbe027c4fd7f8e99","false","24","spotify:user:rachelchaetx","2022-11-30T15:12:33Z"
"spotify:track:1QlTNF43OyKK9BorIRsJ8o","Autumn Leaves","spotify:artist:3rxeQlsv0Sc2nyYaZ5W71T","Chet Baker","spotify:album:3Cnj43AyRQy21WQWsngNDs","Jazz Moods - Cool","spotify:artist:3rxeQlsv0Sc2nyYaZ5W71T","Chet Baker","1974","https://i.scdn.co/image/ab67616d0000b2733e4457449e2f1b31de4d45e7","1","3","422640","https://p.scdn.co/mp3-preview/1fc10b81d30dca556bfef90691ef6c87d58b322e?cid=9950ac751e34487dbbe027c4fd7f8e99","false","53","spotify:user:rachelchaetx","2022-11-30T15:12:40Z"
"spotify:track:188rKyWMsC4WsKKZ85lnUO","Hold No Grudge - Bonus Track","spotify:artist:163tK9Wjr9P9DmM0AVK7lm","Lorde","spotify:album:3lK2JRwfIOn2NaYtgEGTmZ","Solar Power (Deluxe Edition)","spotify:artist:163tK9Wjr9P9DmM0AVK7lm","Lorde","2021-11-05","https://i.scdn.co/image/ab67616d0000b273a5603d487cfa2c30a05cdfaa","1","14","268733","https://p.scdn.co/mp3-preview/8671f28a253e1787b9857fc4d94a3ce567df45c2?cid=9950ac751e34487dbbe027c4fd7f8e99","true","52","spotify:user:rachelchaetx","2022-11-30T15:12:46Z"
"spotify:track:1UlwFwRrb4Kth3TwnjBAJV","Country Boy's Dream Girl","spotify:artist:6BRxQ8cD3eqnrVj6WKDok8","Ella Langley","spotify:album:6M7Cnkdd1zqazDkHJxHxPJ","Country Boy's Dream Girl","spotify:artist:6BRxQ8cD3eqnrVj6WKDok8","Ella Langley","2022-10-28","https://i.scdn.co/image/ab67616d0000b2733bd5673b1529be0a4b720ed3","1","1","183906","https://p.scdn.co/mp3-preview/1247d0a9e00bb6b8a54f88e6d2bb6686fd5d8cd4?cid=9950ac751e34487dbbe027c4fd7f8e99","false","51","spotify:user:rachelchaetx","2022-11-30T15:12:53Z"
"spotify:track:3rWDp9tBPQR9z6U5YyRSK4","Midnight Rain","spotify:artist:06HL4z0CvFAxyc27GXpf02","Taylor Swift","spotify:album:151w1FgRZfnKZA9FEcg9Z3","Midnights","spotify:artist:06HL4z0CvFAxyc27GXpf02","Taylor Swift","2022-10-21","https://i.scdn.co/image/ab67616d0000b273bb54dde68cd23e2a268ae0f5","1","6","174782","https://p.scdn.co/mp3-preview/df1caeeff164bcf376f418ce9c5aa5c71645cc79?cid=9950ac751e34487dbbe027c4fd7f8e99","false","91","spotify:user:rachelchaetx","2022-11-30T15:12:59Z"
"spotify:track:4i9zZb6mPKfQRXRb5HKjSw","STAR CITY CAFE","spotify:artist:7gnhLu1Gs5WaOuOPnFm9js, spotify:artist:6Xc67JjMWqV5DcfFXzUWPS","hevel, Evito","spotify:album:3rXWqDy5oHdBqEF0kmgf9z","STAR CITY CAFE","spotify:artist:7gnhLu1Gs5WaOuOPnFm9js, spotify:artist:6Xc67JjMWqV5DcfFXzUWPS","hevel, Evito","2020-10-23","https://i.scdn.co/image/ab67616d0000b273432a2a7c960fb27a8e88c3bc","1","1","139780","https://p.scdn.co/mp3-preview/40c7e54fb52c9d632a4b71180ef1a29afd719f9a?cid=9950ac751e34487dbbe027c4fd7f8e99","false","56","spotify:user:rachelchaetx","2022-11-30T15:13:07Z"
"spotify:track:3HADujGRM9QmUQiq5i0K1x","Midnight","spotify:artist:6QrRSfwkZsixVIgDRhpToh, spotify:artist:60k4atxgEIMFz4DWHp0le1","Ian Ewing, Braxton Cook","spotify:album:2IhqHm2NikO5x3CTtGKcIA","Always Home","spotify:artist:6QrRSfwkZsixVIgDRhpToh","Ian Ewing","2019-09-09","https://i.scdn.co/image/ab67616d0000b273f9d6f74d1d6130878e7016c6","1","2","220312","https://p.scdn.co/mp3-preview/e1068855db5c254074fe5b1a38cb4338de4ce3f0?cid=9950ac751e34487dbbe027c4fd7f8e99","false","24","spotify:user:rachelchaetx","2022-11-30T15:13:14Z"
"spotify:track:6UFivO2zqqPFPoQYsEMuCc","Bags","spotify:artist:3l0CmX0FuQjFxr8SK7Vqag","Clairo","spotify:album:4kkVGtCqE2NiAKosri9Rnd","Immunity","spotify:artist:3l0CmX0FuQjFxr8SK7Vqag","Clairo","2019-08-02","https://i.scdn.co/image/ab67616d0000b27333ccb60f9b2785ef691b2fbc","1","5","260519","https://p.scdn.co/mp3-preview/0111c950acbcb35c2a9f4000eee8fde7836747bd?cid=9950ac751e34487dbbe027c4fd7f8e99","false","74","spotify:user:rachelchaetx","2022-11-30T15:13:23Z"
"spotify:track:0dSXFiK5FccucA4wo3ZVpe","All For Us","spotify:artist:2feDdbD5araYcm6JhFHHw7, spotify:artist:6sCbFbEjbYepqswM1vWjjs","Labrinth, Zendaya","spotify:album:0FSsRH1jeZqKbGcHwq3UO0","Imagination & the Misfit Kid","spotify:artist:2feDdbD5araYcm6JhFHHw7","Labrinth","2019-11-22","https://i.scdn.co/image/ab67616d0000b273e4c03429788f0aff263a5fc6","1","6","191710","https://p.scdn.co/mp3-preview/7f9deb4a86f1bfc2ec1899a691f51d3a02847b8e?cid=9950ac751e34487dbbe027c4fd7f8e99","false","56","spotify:user:rachelchaetx","2022-11-30T15:13:45Z"
"spotify:track:2N4oiyHvkK6twOne6PqSzO","Heiwa","spotify:artist:1ky3oGuE5XOsOzqiFEGwqR","Mansur Brown","spotify:album:6yxxttrP1qsdqnJA4qX3BX","Heiwa","spotify:artist:1ky3oGuE5XOsOzqiFEGwqR","Mansur Brown","2021-09-03","https://i.scdn.co/image/ab67616d0000b273284a35a473253463ee576e75","1","6","342493","https://p.scdn.co/mp3-preview/60115186512929ca5fcd2388bef74757c802cd54?cid=9950ac751e34487dbbe027c4fd7f8e99","false","43","spotify:user:rachelchaetx","2022-11-30T15:13:52Z"
"spotify:track:6HsXpHn2s6S9arU3Wy7ndc","Whiskey’d My Way","spotify:artist:4oUHIQIBe0LHzYfvXNW4QM","Morgan Wallen","spotify:album:6JlCkqkqobGirPsaleJpFr","Dangerous: The Double Album","spotify:artist:4oUHIQIBe0LHzYfvXNW4QM","Morgan Wallen","2021-01-08","https://i.scdn.co/image/ab67616d0000b2737d6813fd233f3bc4977cceca","1","9","180786","https://p.scdn.co/mp3-preview/bd5a82daf3757ada279d343fb0501825cf5e86b3?cid=9950ac751e34487dbbe027c4fd7f8e99","false","62","spotify:user:rachelchaetx","2022-11-30T15:13:59Z"
"spotify:track:1xwAWUI6Dj0WGC3KiUPN0O","Vigilante Shit","spotify:artist:06HL4z0CvFAxyc27GXpf02","Taylor Swift","spotify:album:151w1FgRZfnKZA9FEcg9Z3","Midnights","spotify:artist:06HL4z0CvFAxyc27GXpf02","Taylor Swift","2022-10-21","https://i.scdn.co/image/ab67616d0000b273bb54dde68cd23e2a268ae0f5","1","8","164801","https://p.scdn.co/mp3-preview/5d71d4fc35e56ac53f591d0076ce1b1881436a7d?cid=9950ac751e34487dbbe027c4fd7f8e99","true","87","spotify:user:rachelchaetx","2022-11-30T15:14:06Z"
"spotify:track:11zf7m4vw9Ze7cer9Nyhk1","Pleaser","spotify:artist:0NIPkIjTV8mB795yEIiPYL","Wallows","spotify:album:3XwLvPyeeyTjFKeBdtC978","Pleaser","spotify:artist:0NIPkIjTV8mB795yEIiPYL","Wallows","2017-04-12","https://i.scdn.co/image/ab67616d0000b2732f9f935ad8d888a88c41d58c","1","1","187895","https://p.scdn.co/mp3-preview/05e1963440d8a42e93742cb280e16648e0e93563?cid=9950ac751e34487dbbe027c4fd7f8e99","false","68","spotify:user:rachelchaetx","2022-11-30T15:14:12Z"
"spotify:track:4LAyHW59Qkj42ZMbas3Di4","Brando","spotify:artist:07D1Bjaof0NFlU32KXiqUP","Lucy Dacus","spotify:album:2nwfSapJ3YIq7Ofad4Vuh1","Home Video","spotify:artist:07D1Bjaof0NFlU32KXiqUP","Lucy Dacus","2021-06-25","https://i.scdn.co/image/ab67616d0000b27338e2aba0717f27aa28381334","1","9","180026","https://p.scdn.co/mp3-preview/21dce4fa5acaa8a464f9ea9e5d43460061677138?cid=9950ac751e34487dbbe027c4fd7f8e99","false","53","spotify:user:rachelchaetx","2022-11-30T15:14:29Z"
"spotify:track:1LNqr2FALBNFX1smNJcKD2","Moonlight Sonata (1st Movement)","spotify:artist:5BWwOqYJwIlEbS858Kmh2E","Betoven Collection","spotify:album:417HhG8JiXnGEop7CRC30M","Betoven - Best Piano Pieces","spotify:artist:5BWwOqYJwIlEbS858Kmh2E","Betoven Collection","2020-03-06","https://i.scdn.co/image/ab67616d0000b273dc9a6325ec5630c8658d5010","1","1","314305","https://p.scdn.co/mp3-preview/d5c5fe1c5097d481c92aead5966c826f11e465d5?cid=9950ac751e34487dbbe027c4fd7f8e99","false","61","spotify:user:rachelchaetx","2022-11-30T15:14:38Z"
"spotify:track:7o1IX3r7Xm7OeGgEbM80oG","The Night","spotify:artist:2ZmXexIJAD7PgABrj0qQRb","N.Flying","spotify:album:0acWIHNrFzz54y5GyiVua8","Dearest","spotify:artist:2ZmXexIJAD7PgABrj0qQRb","N.Flying","2022-10-17","https://i.scdn.co/image/ab67616d0000b2731371b8ae53eaa841c12e815f","1","2","196440","https://p.scdn.co/mp3-preview/5f6a128a5aa77ec4c605b82046f10039b0a5e395?cid=9950ac751e34487dbbe027c4fd7f8e99","false","45","spotify:user:rachelchaetx","2022-11-30T15:14:45Z"
"spotify:track:2YDOjCfkGciEXxSutB6LJR","World Hold On - FISHER Rework","spotify:artist:5YFS41yoX0YuFY39fq21oN, spotify:artist:1VJ0briNOlXRtJUAzoUJdt, spotify:artist:2SwhNukah1MYpLR594PnuC","Bob Sinclar, FISHER, Steve Edwards","spotify:album:4Z6joMam5q6D8khEfuaCWD","World Hold On (FISHER Rework)","spotify:artist:5YFS41yoX0YuFY39fq21oN, spotify:artist:1VJ0briNOlXRtJUAzoUJdt","Bob Sinclar, FISHER","2022-07-08","https://i.scdn.co/image/ab67616d0000b273d5905ba1475fa3e7f068147b","1","1","178304","https://p.scdn.co/mp3-preview/1c1502dc59f04939f42ac81e17fc60dd998b91f7?cid=9950ac751e34487dbbe027c4fd7f8e99","false","73","spotify:user:rachelchaetx","2022-11-30T15:14:52Z"
